actualvalues,predictedvalues
ZhaoZuoxiang,ZhaoZuoxiang
wangzhe,wangzhe
liuchanhg,liuchanhg
wangzhe,wangzhe
liuchanhg,liuchanhg
zhaoquanyin,liuchanhg
wangzhe,wangzhe
liuchanhg,ZhaoZuoxiang
wangzhe,wangzhe
zhaoquanyin,liuchanhg
wangzhe,wangzhe
wangzhe,wangzhe
zhaoquanyin,zhaoquanyin
ZhaoZuoxiang,ZhaoZuoxiang
wangzhe,liuchanhg
wangzhe,wangzhe
zhaoquanyin,liuchanhg
ZhaoZuoxiang,ZhaoZuoxiang
liuchanhg,wangzhe
zhaoquanyin,zhaoquanyin
zhaoquanyin,liuchanhg
zhaoquanyin,zhaoquanyin
liuchanhg,liuchanhg
liuchanhg,wangzhe
liuchanhg,liuchanhg
wangzhe,wangzhe
zhaoquanyin,zhaoquanyin
zhaoquanyin,zhaoquanyin
wangzhe,wangzhe
wangzhe,wangzhe
zhaoquanyin,zhaoquanyin
wangzhe,wangzhe
ZhaoZuoxiang,ZhaoZuoxiang
wangzhe,wangzhe
wangzhe,wangzhe
zhaoquanyin,zhaoquanyin
zhaoquanyin,zhaoquanyin
wangzhe,wangzhe
ZhaoZuoxiang,ZhaoZuoxiang
liuchanhg,zhaoquanyin
zhaoquanyin,zhaoquanyin
zhaoquanyin,liuchanhg
liuchanhg,liuchanhg
ZhaoZuoxiang,ZhaoZuoxiang
wangzhe,wangzhe
ZhaoZuoxiang,ZhaoZuoxiang
ZhaoZuoxiang,ZhaoZuoxiang
ZhaoZuoxiang,ZhaoZuoxiang
liuchanhg,liuchanhg
zhaoquanyin,zhaoquanyin
zhaoquanyin,zhaoquanyin
liuchanhg,wangzhe
zhaoquanyin,zhaoquanyin
zhaoquanyin,zhaoquanyin
wangzhe,wangzhe
zhaoquanyin,zhaoquanyin
liuchanhg,liuchanhg
ZhaoZuoxiang,ZhaoZuoxiang
liuchanhg,wangzhe
wangzhe,wangzhe
ZhaoZuoxiang,ZhaoZuoxiang
zhaoquanyin,zhaoquanyin
wangzhe,wangzhe
zhaoquanyin,zhaoquanyin
zhaoquanyin,liuchanhg
zhaoquanyin,liuchanhg
wangzhe,wangzhe
liuchanhg,wangzhe
wangzhe,wangzhe
liuchanhg,liuchanhg
ZhaoZuoxiang,ZhaoZuoxiang
liuchanhg,liuchanhg
ZhaoZuoxiang,ZhaoZuoxiang
ZhaoZuoxiang,ZhaoZuoxiang
liuchanhg,zhaoquanyin
wangzhe,zhaoquanyin
ZhaoZuoxiang,ZhaoZuoxiang
liuchanhg,liuchanhg
wangzhe,wangzhe
wangzhe,wangzhe
wangzhe,wangzhe
ZhaoZuoxiang,wangzhe
ZhaoZuoxiang,ZhaoZuoxiang
liuchanhg,liuchanhg
liuchanhg,liuchanhg
zhaoquanyin,ZhaoZuoxiang
wangzhe,wangzhe
liuchanhg,liuchanhg
ZhaoZuoxiang,ZhaoZuoxiang
liuchanhg,liuchanhg
ZhaoZuoxiang,ZhaoZuoxiang
wangzhe,wangzhe
zhaoquanyin,zhaoquanyin
zhaoquanyin,zhaoquanyin
liuchanhg,liuchanhg
ZhaoZuoxiang,ZhaoZuoxiang
liuchanhg,liuchanhg
zhaoquanyin,zhaoquanyin
liuchanhg,liuchanhg
liuchanhg,liuchanhg
zhaoquanyin,liuchanhg
zhaoquanyin,zhaoquanyin
liuchanhg,zhaoquanyin
zhaoquanyin,zhaoquanyin
liuchanhg,liuchanhg
zhaoquanyin,zhaoquanyin
ZhaoZuoxiang,ZhaoZuoxiang
zhaoquanyin,liuchanhg
zhaoquanyin,liuchanhg
zhaoquanyin,zhaoquanyin
wangzhe,wangzhe
liuchanhg,zhaoquanyin
ZhaoZuoxiang,liuchanhg
zhaoquanyin,zhaoquanyin
wangzhe,wangzhe
zhaoquanyin,liuchanhg
wangzhe,wangzhe
wangzhe,wangzhe
ZhaoZuoxiang,ZhaoZuoxiang
wangzhe,wangzhe
wangzhe,liuchanhg
zhaoquanyin,zhaoquanyin
liuchanhg,zhaoquanyin
zhaoquanyin,zhaoquanyin
wangzhe,wangzhe
wangzhe,wangzhe
wangzhe,wangzhe
wangzhe,wangzhe
ZhaoZuoxiang,ZhaoZuoxiang
ZhaoZuoxiang,ZhaoZuoxiang
zhaoquanyin,liuchanhg
ZhaoZuoxiang,ZhaoZuoxiang
wangzhe,wangzhe
liuchanhg,liuchanhg
ZhaoZuoxiang,ZhaoZuoxiang
liuchanhg,liuchanhg
wangzhe,wangzhe
zhaoquanyin,zhaoquanyin
wangzhe,wangzhe
ZhaoZuoxiang,liuchanhg
ZhaoZuoxiang,ZhaoZuoxiang
zhaoquanyin,zhaoquanyin
zhaoquanyin,liuchanhg
ZhaoZuoxiang,ZhaoZuoxiang
zhaoquanyin,liuchanhg
ZhaoZuoxiang,ZhaoZuoxiang
ZhaoZuoxiang,ZhaoZuoxiang
liuchanhg,zhaoquanyin
liuchanhg,ZhaoZuoxiang
liuchanhg,liuchanhg
wangzhe,wangzhe
ZhaoZuoxiang,wangzhe
zhaoquanyin,ZhaoZuoxiang
liuchanhg,liuchanhg
liuchanhg,liuchanhg
ZhaoZuoxiang,ZhaoZuoxiang
wangzhe,ZhaoZuoxiang
wangzhe,wangzhe
wangzhe,wangzhe
liuchanhg,liuchanhg
liuchanhg,ZhaoZuoxiang
ZhaoZuoxiang,wangzhe
zhaoquanyin,zhaoquanyin
wangzhe,wangzhe
wangzhe,ZhaoZuoxiang
wangzhe,wangzhe
wangzhe,wangzhe
wangzhe,wangzhe
zhaoquanyin,liuchanhg
wangzhe,wangzhe
liuchanhg,zhaoquanyin
ZhaoZuoxiang,ZhaoZuoxiang
ZhaoZuoxiang,ZhaoZuoxiang
zhaoquanyin,zhaoquanyin
zhaoquanyin,liuchanhg
wangzhe,wangzhe
wangzhe,wangzhe
liuchanhg,wangzhe
ZhaoZuoxiang,ZhaoZuoxiang
zhaoquanyin,liuchanhg
ZhaoZuoxiang,ZhaoZuoxiang
ZhaoZuoxiang,ZhaoZuoxiang
zhaoquanyin,liuchanhg
wangzhe,wangzhe
liuchanhg,liuchanhg
ZhaoZuoxiang,ZhaoZuoxiang
zhaoquanyin,zhaoquanyin
liuchanhg,zhaoquanyin
zhaoquanyin,zhaoquanyin
wangzhe,wangzhe
zhaoquanyin,zhaoquanyin
wangzhe,wangzhe
zhaoquanyin,liuchanhg
wangzhe,wangzhe
ZhaoZuoxiang,ZhaoZuoxiang
zhaoquanyin,zhaoquanyin
ZhaoZuoxiang,ZhaoZuoxiang
wangzhe,wangzhe
wangzhe,wangzhe
liuchanhg,liuchanhg
ZhaoZuoxiang,ZhaoZuoxiang
ZhaoZuoxiang,ZhaoZuoxiang
wangzhe,wangzhe
liuchanhg,liuchanhg
liuchanhg,zhaoquanyin
ZhaoZuoxiang,liuchanhg
ZhaoZuoxiang,ZhaoZuoxiang
liuchanhg,liuchanhg
wangzhe,wangzhe
wangzhe,wangzhe
ZhaoZuoxiang,ZhaoZuoxiang
zhaoquanyin,wangzhe
zhaoquanyin,zhaoquanyin
zhaoquanyin,zhaoquanyin
ZhaoZuoxiang,ZhaoZuoxiang
liuchanhg,zhaoquanyin
liuchanhg,wangzhe
ZhaoZuoxiang,ZhaoZuoxiang
liuchanhg,liuchanhg
ZhaoZuoxiang,liuchanhg
zhaoquanyin,liuchanhg
liuchanhg,wangzhe
liuchanhg,liuchanhg
liuchanhg,liuchanhg
zhaoquanyin,wangzhe
ZhaoZuoxiang,liuchanhg
zhaoquanyin,zhaoquanyin
wangzhe,wangzhe
liuchanhg,liuchanhg
wangzhe,wangzhe
wangzhe,wangzhe
liuchanhg,liuchanhg
liuchanhg,liuchanhg
wangzhe,zhaoquanyin
ZhaoZuoxiang,ZhaoZuoxiang
zhaoquanyin,zhaoquanyin
ZhaoZuoxiang,ZhaoZuoxiang
ZhaoZuoxiang,ZhaoZuoxiang
liuchanhg,liuchanhg
liuchanhg,wangzhe
